{"cameraMode":{"drawMode":0,"name":"Shaded","section":"Shading Mode"},"sceneLighting":true,"audioPlay":false,"sceneViewState":{"m_AlwaysRefresh":false,"showFog":true,"showSkybox":true,"showFlares":true,"showImageEffects":true,"showParticleSystems":true,"showVisualEffectGraphs":true,"m_FxEnabled":true},"in2DMode":false,"pivot":{"x":0.3948439955711365,"y":1.1222519874572755,"z":3.6337780952453615},"rotation":{"x":0.1745888888835907,"y":-0.17908908426761628,"z":0.032311324030160907,"w":0.9676788449287415},"size":0.9757829308509827,"orthographic":false}