{"cameraMode":{"drawMode":0,"name":"Shaded","section":"Shading Mode"},"sceneLighting":true,"audioPlay":false,"sceneViewState":{"m_AlwaysRefresh":false,"showFog":true,"showSkybox":true,"showFlares":true,"showImageEffects":true,"showParticleSystems":true,"showVisualEffectGraphs":true,"m_FxEnabled":true},"in2DMode":false,"pivot":{"x":-44.66252136230469,"y":2.1628050804138185,"z":37.041481018066409},"rotation":{"x":0.002990344539284706,"y":-0.4219623804092407,"z":0.0014161448925733567,"w":0.9066547751426697},"size":29.132522583007814,"orthographic":false}