{"cameraMode":{"drawMode":0,"name":"Shaded","section":"Shading Mode"},"sceneLighting":true,"audioPlay":false,"sceneViewState":{"m_AlwaysRefresh":false,"showFog":true,"showSkybox":true,"showFlares":true,"showImageEffects":true,"showParticleSystems":true,"showVisualEffectGraphs":true,"m_FxEnabled":true},"in2DMode":false,"pivot":{"x":-31.74968719482422,"y":0.9485628604888916,"z":2.0737178325653078},"rotation":{"x":-0.12042459100484848,"y":0.6312400102615356,"z":-0.10006462782621384,"w":-0.7597096562385559},"size":2.1058340072631838,"orthographic":false}